points/x,points/y
0.036145,0.59639
0.024096,0.61446
0.012048,0.63253
0.012048,0.6506
0.0060241,0.66867
0,0.68675
0.012048,0.70482
0.024096,0.72289
0.042169,0.74096
0.060241,0.75904
0.072289,0.77711
0.072289,0.79518
0.060241,0.81325
0.042169,0.83133
0.03012,0.8494
0.024096,0.86747
0.018072,0.88554
0.018072,0.90361
0.018072,0.92169
0.024096,0.93976
0.036145,0.95783
0.054217,0.9759
0.072289,0.98193
0.090361,0.99398
0.10843,1
0.12651,0.99398
0.14458,0.99398
0.16265,0.99398
0.18072,0.98795
0.1988,0.98193
0.21687,0.96988
0.23494,0.95783
0.25301,0.93976
0.25904,0.92169
0.25904,0.90361
0.25904,0.88554
0.25904,0.86747
0.25301,0.8494
0.25904,0.83133
0.25301,0.81325
0.24699,0.79518
0.24096,0.77711
0.24699,0.75904
0.25904,0.74096
0.27108,0.72289
0.27108,0.70482
0.27711,0.68675
0.28313,0.66867
0.28313,0.6506
0.28313,0.63253
0.28313,0.61446
0.29518,0.59639
0.3012,0.57831
0.30723,0.56024
0.31325,0.54217
0.3253,0.5241
0.33133,0.50602
0.34337,0.48795
0.36145,0.4759
0.37952,0.46386
0.37952,0.45181
0.36747,0.43373
0.37952,0.41566
0.37349,0.39759
0.35542,0.38554
0.33735,0.37952
0.31928,0.37349
0.30723,0.35542
0.29518,0.33735
0.27711,0.33133
0.25904,0.31325
0.25904,0.29518
0.25904,0.27711
0.25301,0.25904
0.24699,0.24096
0.24096,0.22289
0.24096,0.20482
0.24096,0.18675
0.23494,0.16867
0.22892,0.1506
0.22892,0.13253
0.22289,0.11446
0.22892,0.096386
0.24699,0.084337
0.26506,0.066265
0.28313,0.060241
0.3012,0.054217
0.31325,0.036145
0.3012,0.018072
0.28313,0.012048
0.26506,0.012048
0.24699,0
0.22892,0
0.21084,0
0.19277,0
0.1747,0
0.15663,0
0.13855,0.0060241
0.12048,0.012048
0.10241,0.012048
0.084337,0.024096
0.078313,0.042169
0.078313,0.060241
0.084337,0.078313
0.090361,0.096386
0.090361,0.11446
0.084337,0.13253
0.078313,0.1506
0.072289,0.16867
0.078313,0.18675
0.084337,0.20482
0.090361,0.22289
0.10241,0.24096
0.10241,0.25904
0.10241,0.27711
0.090361,0.29518
0.072289,0.30723
0.060241,0.3253
0.054217,0.34337
0.048193,0.36145
0.042169,0.37952
0.036145,0.39759
0.036145,0.41566
0.036145,0.43373
0.03012,0.45181
0.036145,0.46988
0.042169,0.48795
0.048193,0.50602
0.048193,0.5241
0.042169,0.54217
0.042169,0.56024
0.042169,0.57831
0.036145,0.59639
0.036145,0.59639
