points/x,points/y
0.017544,0.49123
0.017544,0.52632
0.017544,0.5614
0.017544,0.59649
0.035088,0.63158
0.035088,0.66667
0.052632,0.70175
0.087719,0.73684
0.087719,0.77193
0.10526,0.80702
0.14035,0.84211
0.17544,0.87719
0.19298,0.89474
0.22807,0.92982
0.26316,0.94737
0.29825,0.96491
0.33333,0.98246
0.36842,1
0.40351,1
0.4386,1
0.47368,1
0.50877,0.98246
0.54386,0.98246
0.57895,0.98246
0.61404,1
0.64912,1
0.68421,0.98246
0.7193,0.96491
0.75439,0.94737
0.78947,0.91228
0.82456,0.89474
0.84211,0.85965
0.87719,0.82456
0.89474,0.78947
0.92982,0.75439
0.94737,0.7193
0.96491,0.68421
0.96491,0.64912
0.98246,0.61404
0.98246,0.57895
0.98246,0.54386
0.98246,0.50877
0.98246,0.47368
0.98246,0.4386
0.98246,0.40351
0.98246,0.36842
0.98246,0.33333
0.96491,0.29825
0.96491,0.26316
0.94737,0.22807
0.92982,0.19298
0.91228,0.15789
0.91228,0.12281
0.89474,0.087719
0.87719,0.052632
0.85965,0.017544
0.82456,0
0.78947,0
0.75439,0
0.7193,0
0.70175,0.017544
0.70175,0.052632
0.7193,0.087719
0.7193,0.12281
0.73684,0.15789
0.75439,0.19298
0.75439,0.22807
0.75439,0.26316
0.77193,0.29825
0.77193,0.33333
0.77193,0.36842
0.78947,0.40351
0.78947,0.4386
0.77193,0.47368
0.77193,0.50877
0.75439,0.54386
0.75439,0.57895
0.7193,0.61404
0.70175,0.64912
0.68421,0.68421
0.64912,0.7193
0.61404,0.73684
0.59649,0.77193
0.5614,0.77193
0.52632,0.78947
0.49123,0.78947
0.45614,0.78947
0.42105,0.75439
0.38596,0.75439
0.35088,0.7193
0.31579,0.68421
0.29825,0.64912
0.2807,0.61404
0.26316,0.57895
0.24561,0.54386
0.24561,0.50877
0.22807,0.47368
0.22807,0.4386
0.22807,0.40351
0.22807,0.36842
0.22807,0.33333
0.22807,0.29825
0.22807,0.26316
0.24561,0.22807
0.24561,0.19298
0.26316,0.15789
0.2807,0.12281
0.2807,0.087719
0.2807,0.052632
0.2807,0.017544
0.24561,0.017544
0.21053,0.017544
0.17544,0.017544
0.14035,0.035088
0.12281,0.052632
0.087719,0.087719
0.087719,0.12281
0.070175,0.15789
0.052632,0.19298
0.035088,0.22807
0.035088,0.26316
0.017544,0.29825
0.017544,0.33333
0.017544,0.36842
0,0.40351
0,0.4386
0.017544,0.47368
0.017544,0.49123
